dataset,ltrc-forest,ltrc-trees,cox-semi-parametric,aft-log-logistic
Breast Cancer,0.6368250235626561,,0.6601564634490567,0.5358859261099392
Convicts,0.6005926791782288,0.5125061620191275,0.6361140682079238,0.6358865308342987
Dictatorship \& Democracy,0.7776485258350145,0.6160231198351492,0.5281499010022591,0.5966475189906704
FLC chain,0.6544441863329116,0.5656198755349108,0.642670804143816,0.6888765345270038
Larynx Cancer,0.5238194248943614,0.5,0.5872918734072884,0.6682674499526426
Lung Cancer,0.5388325300962102,0.5,0.6139633667914433,0.4745370212204126
Synthetic data,0.5966119504376868,0.5,0.5499509828129355,0.5469332455225764
