dataset,ltrc-forest,ltrc_trees,cox-semi-parametric,aft-log-logistic
Breast Cancer,0.6459566726048303,,0.5512006415180639,0.5579030275645533
Convicts,0.6197092405077004,0.5102811537144814,0.6374944030871726,0.6466773216300933
Dictatorship,0.7776460918471382,0.6120805321107058,0.5257905450385896,0.5917978604003944
FLC immune dis.,0.6564371989052568,0.5778654323397378,0.6354488474700807,0.6874928059338881
Larynx Cancer,0.5089811215081952,0.5,,0.49486121787665543
Lung Cancer,0.5765349761867686,0.5,0.4071197435296929,0.4216953296543996
Syn. Gough 2021,0.5927761417031652,0.5,0.5820656365847817,0.593627548428851
