dataset,ltrc-forest,ltrc_trees,cox-semi-parametric,aft-log-logistic
Breast Cancer,0.6635061347960216,0.5999119281480007,0.6679485124934691,0.664731434712787
Convicts,0.5888054240862877,0.5070385642971857,0.6266662595099535,0.6330591932144257
Dictatorship,0.7773691045223244,0.6190947095891556,0.5263462844678102,0.6009773730495822
FLC immune dis.,0.6468567771166716,0.5631873722810279,0.6128183792415232,0.6876489399318595
Larynx Cancer,0.5876763203132158,0.5096593507087334,0.6263792634500194,0.6306823567633681
Lung Cancer,0.6341405674396674,0.5100510470228781,0.6765759853133653,0.6741440923662224
Syn. Gough 2021,0.5942077984599896,0.5,0.5243580566856576,0.5318173992035413
